,model,trainc1,trainc2,testc1,testc2
0,fcn8s,0.9654811,0.022899553,0.96411765,0.031482328
1,unet,0.9984773,0.6529542,0.9977295,0.6484985
2,fpn,0.9985442,0.68690544,0.9978224,0.6777889
